{"status": "ok", "tick": {"version": 9846960807, "bids": [[0.00014933, 1175.81], [0.00014906, 2423.98], [0.00014898, 1497.79], [0.00014883, 1199.0], [0.00014869, 1002.0], [0.00014868, 933.0], [0.0001483, 471.39], [0.00014826, 1152.95], [0.00014824, 472.81], [0.00014802, 1055.0], [0.00014791, 1644.17], [0.00014759, 1022.0], [0.00014736, 1122.0], [0.00014711, 2861.66], [0.00014704, 1022.0], [0.00014687, 1033.0], [0.0001468, 942.88], [0.00014668, 1105.0], [0.00014633, 2255.0], [0.00014605, 1133.0], [0.00014585, 1105.0], [0.00014569, 699.67], [0.00014547, 1033.0], [0.0001453, 1414.37], [0.00014525, 2684.64], [0.00014508, 1033.0], [0.000145, 8069.72], [0.00014487, 2033.0], [0.00014444, 13351.67], [0.00014428, 1866.0], [0.00014406, 39983.34], [0.00014405, 2038.0], [0.00014385, 2069.0], [0.0001438, 1885.86], [0.00014375, 1891.55], [0.00014364, 3430.0], [0.00014361, 1891.55], [0.00014355, 38.15], [0.00014332, 1108.0], [0.00014302, 1655.0], [0.000143, 384.47], [0.00014288, 21536.64], [0.00014269, 1622.0], [0.00014258, 1433.0], [0.00014236, 2055.0], [0.00014225, 2358.79], [0.00014212, 2233.0], [0.00014211, 2364.47], [0.00014186, 1423.0], [0.00014174, 1322.0], [0.00014159, 1033.0], [0.00014138, 2269.0], [0.00014115, 1488.0], [0.00014089, 1055.0], [0.00014076, 2830.57], [0.00014069, 1069.0], [0.00014038, 1477.0], [0.00014015, 2633.0], [0.00013984, 2033.0], [0.00013969, 1322.0], [0.00013946, 1022.0], [0.00013926, 1405.0], [0.00013912, 3310.3], [0.00013905, 1533.0], [0.00013888, 54.02], [0.00013858, 1055.0], [0.00013838, 2635.0], [0.00013786, 1433.0], [0.00013769, 2066.0], [0.00013763, 3783.21], [0.00013748, 2533.0], [0.00013733, 1466.0], [0.00013715, 2053.0], [0.000137, 22364.39], [0.00013685, 2055.0], [0.00013674, 1060.0], [0.00013659, 2233.0], [0.00013632, 1422.0], [0.00013614, 1433.0], [0.00013613, 4256.13], [0.00013586, 466.0], [0.00013558, 1255.0], [0.00013536, 2233.0], [0.00013505, 2044.0], [0.000135, 20000.0], [0.00013403, 382.78], [0.000132, 4477.0], [0.00013051, 4237.31], [0.00013, 32091.87], [0.000128, 6355.0], [0.000127, 2288.0], [0.00012601, 19200.0], [0.000126, 1488.0], [0.000125, 4380.28], [0.00012401, 3954.58], [0.000123, 4655.0], [0.000122, 3522.0], [0.00012109, 4000.0], [0.00012054, 27329.91], [0.00012, 500.0], [0.00011987, 458.0], [0.00011966, 950.0], [0.00011955, 452.0], [0.00011934, 480.0], [0.00011922, 775.0], [0.00011901, 700.0], [0.00011882, 822.0], [0.00011866, 558.0], [0.00011825, 744.0], [0.00011806, 722.0], [0.00011785, 19200.0], [0.00011784, 822.0], [0.00011766, 555.0], [0.00011722, 950.0], [0.000117, 1000.0], [0.00011665, 855.0], [0.00011636, 465.0], [0.00011633, 1522.0], [0.00011588, 866.0], [0.00011569, 955.0], [0.00011536, 482.0], [0.00011522, 225.0], [0.000115, 1520.0], [0.00011482, 556.0], [0.00011448, 752.0], [0.00011433, 662.0], [0.00011411, 452.0], [0.00011395, 1533.0], [0.00011374, 552.0], [0.00011366, 885.0], [0.00011333, 520.0], [0.00011324, 482.0], [0.0001131, 482.0], [0.00011295, 557.0], [0.00011281, 1152.0], [0.00011255, 482.0], [0.00011236, 662.0], [0.00011212, 882.0], [0.00011196, 548.0], [0.00011175, 558.0], [0.00011142, 557.0], [0.00011133, 552.0], [0.0001111, 2.0], [0.00011105, 552.0], [0.00011093, 468.0], [0.00011075, 582.0], [0.00011025, 558.0], [0.00011022, 1632.0], [0.00011, 43310.23], [0.00010188, 10.0]], "ts": 1529400386007, "asks": [[0.00014969, 14522.0], [0.00014987, 12266.0], [0.00015001, 788.97], [0.00015009, 23.47], [0.0001502, 215.76], [0.0001504, 78167.42], [0.00015159, 28800.0], [0.0001516, 5718.05], [0.0001522, 7406.51], [0.0001531, 942.88], [0.00015384, 28800.0], [0.00015454, 1418.64], [0.0001546, 1414.37], [0.000155, 50000.0], [0.00015555, 8006.53], [0.00015589, 1891.55], [0.0001561, 1885.86], [0.0001566, 20716.08], [0.00015738, 2364.47], [0.00015754, 2358.79], [0.00015797, 8630.73], [0.000158, 23360.68], [0.00015904, 2830.57], [0.00015926, 2163.95], [0.00016, 100000.0], [0.00016039, 3310.3], [0.00016057, 18606.32], [0.00016088, 5000.0], [0.00016189, 3783.21], [0.000163, 30000.0], [0.00016339, 4256.13], [0.000165, 113427.53], [0.000169, 30000.0], [0.00017, 103974.92], [0.0001725, 4.65], [0.00017328, 2308.4], [0.000175, 50000.0], [0.00018, 100269.6], [0.00018249, 30000.0], [0.000185, 50000.0], [0.000188, 280.3], [0.000189, 60000.0], [0.00019, 102163.95], [0.0001943, 2506.27], [0.00019498, 1000.0], [0.0002, 6715.39], [0.000201, 50000.0], [0.000204, 50000.0], [0.000207, 50000.0], [0.000209, 977.49], [0.00021, 48216.11], [0.000212, 19000.0], [0.0002121, 1000.0], [0.0002131, 6820.0], [0.000215, 29500.0], [0.00021707, 465.0], [0.00022, 12480.0], [0.000223, 8695.0], [0.000224, 32666.0], [0.000225, 26418.0], [0.000229, 23421.0], [0.000231, 2038.94], [0.00023333, 46537.68], [0.00023375, 4023.58], [0.00023559, 10944.65], [0.00023648, 37906.13], [0.00023735, 9326.31], [0.00024, 6035.8], [0.00024888, 1.0], [0.00025, 102077.08], [0.000256, 750.0], [0.0002588, 25259.14], [0.00025996, 7500.0], [0.00026, 3337.98], [0.00026648, 38039.07], [0.00027851, 9.31], [0.00027998, 7500.0], [0.00028, 91931.24], [0.00028632, 5663.61], [0.0002866, 6611.66], [0.00028765, 3.77], [0.00028777, 6750.0], [0.000288, 1.9], [0.0002886, 1000.0], [0.00029, 6111.75], [0.000295, 500.0], [0.000299, 66164.31], [0.00029986, 7450.66], [0.0003, 132997.66], [0.00030648, 32616.19], [0.00030999, 4999.23], [0.00031, 70.19], [0.00031516, 6702.0], [0.00031648, 28573.19], [0.000318, 3000.0], [0.00032, 19079.61], [0.00032495, 2617.18], [0.00032496, 39338.93], [0.000327, 22.76], [0.000335, 2.3], [0.000338, 169660.0], [0.00034, 19345.42], [0.000343, 15564.55], [0.00034466, 11.0], [0.0003458, 50000.0], [0.0003489, 50000.0], [0.00034998, 333.38], [0.00035, 117508.27], [0.00035035, 7000.0], [0.0003511, 876.47], [0.00035125, 5940.49], [0.00035155, 10000.0], [0.000355, 50000.0], [0.00035555, 20000.0], [0.0003558, 1000.0], [0.00035888, 10000.0], [0.00036, 14567.56], [0.0003644, 2.24], [0.000366, 2.0], [0.00036658, 3000.0], [0.00037, 974.0], [0.00037043, 874.0], [0.00037999, 300.0], [0.00038, 129983.33], [0.00038531, 341.21], [0.0003865, 2000.0], [0.00039, 100.0], [0.000398, 500.0], [0.000399, 10000.0], [0.0004, 124332.21], [0.00040001, 1000.0], [0.000401, 10000.0], [0.000408, 550.0], [0.00041153, 15093.53], [0.00041947, 2378.0], [0.00042, 48433.08], [0.000421, 6320.15], [0.0004288, 3000.0], [0.00044, 500.0], [0.000442, 4374.13], [0.00045, 472407.31], [0.000455, 498.88], [0.0005, 38719.73], [0.00051, 7892.81], [0.00051628, 1932.0], [0.00053, 5017.22], [0.00054, 235777.65], [0.0005666, 15324.72], [0.0005667, 15535.88], [0.0005677, 15535.18]]}, "ch": "market.gsceth.depth.step0", "ts": 1529400387209}
